SET SQL_MODE = "NO_AUTO_VALUE_ON_ZERO";
SET AUTOCOMMIT = 0;
START TRANSACTION;

INSERT INTO `course` (`id`, `name`, `userId`) VALUES
(1, 'PAIP', 2),
(2, 'PSIAI', 3),
(3, 'Podstawy teleinformatyki', 3),
(4, 'Jakis Kurs', 2),
(5, 'Drugi kurs', 2),
(6, 'Podstawy podstaw', 3),
(7, 'Podstawy Zaawansowania', 3),
(8, 'Zaawansowany Kurs Nic-nie-robienia', 3),
(9, 'Kurs Kursowania', 2),
(10, 'Zaawansowany Kurs', 2),
(11, 'Kurs kursora', 3);

INSERT INTO `download` (`id`, `time`, `fileId`, `userId`, `ip`) VALUES
(3, '2018-10-18 16:30:32', 4, 5, '192.168.1.3'),
(4, '2018-11-19 18:51:22', 2, 6, '192.168.0.234'),
(5, '2018-11-21 02:38:52', 5, 6, '192.168.1.3'),
(6, '2018-11-21 02:38:59', 2, 7, '127.0.0.1'),
(7, '2018-11-21 02:39:02', 4, 5, '192.168.1.3'),
(8, '2018-11-21 02:39:20', 5, 6, '127.0.0.1'),
(10, '2018-11-21 02:39:22', 2, 7, '192.168.1.3'),
(11, '2018-11-21 02:39:22', 1, 5, '192.168.1.3'),
(12, '2018-11-21 03:39:22', 5, 6, '192.168.1.3'),
(14, '2018-11-21 06:39:22', 2, 5, '192.168.1.3'),
(15, '2018-11-21 02:39:22', 1, 7, '192.168.1.3'),
(16, '2018-11-21 04:39:22', 2, 6, '192.168.1.3'),
(17, '2018-11-21 08:39:22', 5, 6, '192.168.1.3'),
(19, '2018-11-21 12:39:22', 2, 5, '192.168.1.3'),
(20, '2018-11-21 05:39:22', 4, 7, '192.168.1.3'),
(21, '2018-11-21 12:39:22', 4, 6, '192.168.1.3'),
(22, '2018-11-27 17:28:57', 4, 6, '::1'),
(23, '2018-11-27 17:29:49', 1, 6, '::1'),
(24, '2018-11-27 17:30:19', 1, 6, '::1'),
(25, '2018-11-27 17:30:33', 1, 6, '::1'),
(26, '2018-11-27 17:33:29', 1, 6, '::1'),
(27, '2018-11-27 17:33:30', 1, 6, '::1'),
(28, '2018-11-27 17:33:57', 1, 6, '::1'),
(29, '2018-11-27 17:35:14', 1, 6, '::1'),
(30, '2018-11-27 17:35:14', 1, 6, '::1'),
(31, '2018-11-27 17:35:26', 1, 6, '::1'),
(32, '2018-11-27 17:36:08', 1, 6, '::1'),
(33, '2018-11-27 17:36:09', 1, 6, '::1'),
(34, '2018-11-27 17:36:55', 1, 6, '::1'),
(35, '2018-11-27 17:36:55', 1, 6, '::1'),
(36, '2018-11-27 17:45:13', 1, 6, '::1'),
(37, '2018-11-27 17:46:26', 1, 6, '::1'),
(38, '2018-11-27 17:47:14', 1, 6, '::1'),
(39, '2018-11-27 17:47:25', 1, 6, '::1'),
(40, '2018-11-27 17:49:02', 1, 6, '::1'),
(41, '2018-11-27 17:49:03', 1, 6, '::1'),
(42, '2018-11-27 17:49:18', 1, 6, '::1'),
(43, '2018-11-27 17:50:45', 1, 6, '::1'),
(44, '2018-11-27 17:51:05', 1, 6, '::1'),
(45, '2018-11-27 17:51:23', 1, 6, '::1'),
(46, '2018-11-27 17:51:35', 1, 6, '::1'),
(47, '2018-11-27 17:54:08', 1, 6, '::1'),
(48, '2018-11-27 17:54:29', 1, 6, '::1'),
(49, '2018-11-27 17:55:28', 1, 6, '::1'),
(50, '2018-11-27 17:56:13', 1, 6, '::1'),
(51, '2018-11-27 17:58:28', 1, 6, '::1'),
(52, '2018-11-27 17:58:29', 1, 6, '::1'),
(53, '2018-11-27 17:58:29', 1, 6, '::1'),
(54, '2018-11-27 17:58:30', 1, 6, '::1'),
(55, '2018-11-27 17:59:11', 1, 6, '::1'),
(56, '2018-11-27 17:59:28', 1, 6, '::1'),
(57, '2018-11-27 18:00:12', 1, 6, '::1'),
(58, '2018-11-27 18:00:14', 1, 6, '::1'),
(59, '2018-11-27 18:00:35', 1, 6, '::1'),
(60, '2018-11-27 18:00:36', 1, 6, '::1'),
(61, '2018-11-27 18:00:36', 1, 6, '::1'),
(62, '2018-11-27 18:00:55', 1, 6, '::1'),
(63, '2018-11-27 18:00:56', 1, 6, '::1'),
(64, '2018-11-27 18:01:56', 1, 1, '::1'),
(65, '2018-11-27 18:02:25', 1, 1, '::1'),
(66, '2018-11-27 18:03:31', 1, 1, '::1'),
(67, '2018-11-27 18:05:37', 1, 1, '::1'),
(68, '2018-11-27 18:05:38', 1, 1, '::1'),
(69, '2018-11-27 18:05:45', 1, 1, '::1'),
(70, '2018-11-27 18:06:05', 1, 1, '::1'),
(71, '2018-11-27 18:06:06', 1, 1, '::1'),
(72, '2018-11-27 18:06:06', 1, 1, '::1'),
(73, '2018-11-27 18:06:06', 1, 1, '::1'),
(74, '2018-11-27 18:06:06', 1, 1, '::1'),
(75, '2018-11-27 18:06:07', 1, 1, '::1'),
(76, '2018-11-27 18:06:07', 1, 1, '::1'),
(77, '2018-11-27 18:06:07', 1, 1, '::1'),
(78, '2018-11-27 18:07:37', 1, 1, '::1'),
(79, '2018-11-27 18:07:38', 1, 1, '::1'),
(80, '2018-11-27 18:07:38', 1, 1, '::1'),
(81, '2018-11-27 18:07:39', 1, 1, '::1'),
(82, '2018-11-27 18:07:39', 1, 1, '::1'),
(83, '2018-11-27 18:08:23', 1, 1, '::1'),
(84, '2018-11-27 18:09:21', 1, 1, '::1'),
(85, '2018-11-27 18:09:22', 1, 1, '::1'),
(86, '2018-11-27 18:09:22', 1, 1, '::1'),
(87, '2018-11-27 18:09:22', 1, 1, '::1'),
(88, '2018-11-27 18:09:27', 1, 1, '::1'),
(89, '2018-11-27 18:10:45', 1, 1, '::1'),
(91, '2018-11-27 18:10:58', 4, 1, '::1'),
(92, '2018-11-27 18:11:12', 4, 6, '::1'),
(93, '2018-11-27 18:11:22', 1, 6, '::1'),
(94, '2018-11-27 18:12:27', 4, 6, '::1'),
(96, '2018-11-27 18:12:39', 1, 6, '::1'),
(97, '2018-11-27 18:13:03', 1, 6, '::1'),
(98, '2018-11-27 18:13:09', 4, 6, '::1'),
(100, '2018-11-27 18:14:28', 1, 6, '::1'),
(101, '2018-11-27 18:14:52', 1, 6, '::1'),
(102, '2018-11-27 18:15:49', 1, 6, '::1'),
(103, '2018-11-27 18:17:45', 1, 6, '::1'),
(104, '2018-11-27 18:17:46', 1, 6, '::1'),
(105, '2018-11-27 18:17:46', 1, 6, '::1'),
(106, '2018-11-27 18:17:46', 1, 6, '::1'),
(107, '2018-11-27 18:17:53', 4, 6, '::1'),
(108, '2018-11-27 18:18:03', 1, 6, '::1'),
(109, '2018-11-27 18:18:58', 1, 6, '::1'),
(110, '2018-11-27 18:18:59', 1, 6, '::1'),
(111, '2018-11-27 18:18:59', 1, 6, '::1'),
(112, '2018-11-27 18:18:59', 1, 6, '::1'),
(113, '2018-11-27 18:18:59', 1, 6, '::1'),
(114, '2018-11-27 18:19:04', 2, 6, '::1'),
(115, '2018-11-27 18:19:06', 2, 6, '::1'),
(116, '2018-11-27 18:19:06', 2, 6, '::1'),
(117, '2018-11-27 18:19:06', 2, 6, '::1'),
(118, '2018-11-27 18:19:06', 2, 6, '::1'),
(119, '2018-11-27 18:19:06', 2, 6, '::1'),
(120, '2018-11-27 18:19:06', 2, 6, '::1'),
(121, '2018-11-27 18:19:07', 2, 6, '::1'),
(122, '2018-11-27 18:20:05', 2, 6, '::1'),
(123, '2018-11-27 18:20:06', 2, 6, '::1'),
(124, '2018-11-27 18:20:06', 2, 6, '::1'),
(125, '2018-11-27 18:20:06', 2, 6, '::1'),
(126, '2018-11-27 18:20:06', 2, 6, '::1'),
(127, '2018-11-27 18:20:06', 2, 6, '::1'),
(128, '2018-11-27 18:20:07', 2, 6, '::1'),
(129, '2018-11-27 18:20:07', 2, 6, '::1'),
(130, '2018-11-27 18:20:13', 2, 6, '::1'),
(131, '2018-11-27 18:20:51', 2, 6, '::1'),
(132, '2018-11-27 18:20:52', 2, 6, '::1'),
(133, '2018-11-27 18:20:52', 2, 6, '::1'),
(134, '2018-11-27 18:20:52', 2, 6, '::1'),
(135, '2018-11-27 18:21:00', 2, 6, '::1'),
(136, '2018-11-27 18:21:00', 2, 6, '::1'),
(137, '2018-11-27 18:21:01', 2, 6, '::1'),
(138, '2018-11-27 18:21:23', 2, 6, '::1'),
(139, '2018-11-27 18:21:30', 2, 6, '::1'),
(140, '2018-11-27 18:21:31', 2, 6, '::1'),
(141, '2018-11-27 18:22:34', 2, 6, '::1'),
(142, '2018-11-27 18:22:35', 2, 6, '::1'),
(143, '2018-11-27 18:22:36', 2, 6, '::1'),
(144, '2018-11-27 18:22:36', 2, 6, '::1'),
(145, '2018-11-27 18:22:36', 2, 6, '::1'),
(146, '2018-11-27 18:22:36', 2, 6, '::1'),
(147, '2018-11-27 18:22:37', 2, 6, '::1'),
(148, '2018-11-27 18:22:37', 2, 6, '::1'),
(149, '2018-11-27 18:23:03', 2, 6, '::1'),
(150, '2018-11-27 18:23:03', 2, 6, '::1'),
(151, '2018-11-27 18:23:03', 2, 6, '::1'),
(152, '2018-11-27 18:23:04', 2, 6, '::1'),
(153, '2018-11-27 18:23:04', 2, 6, '::1'),
(154, '2018-11-27 18:23:10', 2, 6, '::1'),
(155, '2018-11-27 18:23:32', 2, 6, '::1'),
(156, '2018-11-27 18:23:33', 2, 6, '::1'),
(157, '2018-11-27 18:23:33', 2, 6, '::1'),
(158, '2018-11-27 18:23:33', 2, 6, '::1'),
(159, '2018-11-27 18:23:33', 2, 6, '::1'),
(160, '2018-11-27 18:23:48', 2, 6, '::1'),
(161, '2018-11-27 18:23:54', 2, 6, '::1'),
(162, '2018-11-27 18:23:55', 2, 6, '::1'),
(163, '2018-11-27 18:23:55', 2, 6, '::1'),
(164, '2018-11-27 18:23:55', 2, 6, '::1'),
(165, '2018-11-27 18:23:56', 2, 6, '::1'),
(166, '2018-11-27 18:23:56', 2, 6, '::1'),
(167, '2018-11-27 18:23:56', 2, 6, '::1'),
(168, '2018-11-27 18:23:59', 1, 6, '::1'),
(169, '2018-11-27 18:24:09', 1, 6, '::1'),
(170, '2018-11-27 18:24:10', 1, 6, '::1'),
(171, '2018-11-27 18:24:10', 1, 6, '::1'),
(172, '2018-11-27 18:24:10', 1, 6, '::1'),
(173, '2018-11-27 18:24:15', 1, 6, '::1'),
(175, '2018-11-27 18:24:24', 1, 6, '::1'),
(176, '2018-11-27 18:24:56', 1, 6, '::1'),
(177, '2018-11-27 18:24:57', 1, 6, '::1'),
(178, '2018-11-27 18:24:57', 1, 6, '::1'),
(179, '2018-11-27 18:24:57', 1, 6, '::1'),
(180, '2018-11-27 18:24:58', 1, 6, '::1'),
(181, '2018-11-27 18:24:58', 1, 6, '::1'),
(182, '2018-11-27 18:25:03', 4, 6, '::1'),
(183, '2018-11-27 18:25:44', 1, 6, '::1'),
(184, '2018-11-27 18:26:40', 1, 6, '::1'),
(185, '2018-11-27 18:27:00', 1, 6, '::1'),
(186, '2018-11-27 18:27:02', 1, 6, '::1'),
(187, '2018-11-27 18:27:17', 1, 6, '::1'),
(188, '2018-11-27 18:27:28', 2, 6, '::1'),
(189, '2018-11-27 18:27:42', 2, 6, '::1'),
(190, '2018-11-27 18:28:38', 2, 6, '::1'),
(191, '2018-11-27 18:37:55', 1, 6, '::1'),
(192, '2018-11-27 19:00:43', 5, 7, '::1'),
(193, '2018-11-27 19:00:54', 5, 7, '::1'),
(195, '2018-11-28 02:32:53', 1, 1, '::1'),
(196, '2018-11-28 02:33:27', 1, 6, '::1'),
(197, '2018-11-28 02:33:32', 1, 6, '::1'),
(198, '2018-12-03 12:26:47', 1, 6, '::1'),
(199, '2018-12-03 12:27:20', 1, 6, '::1');

INSERT INTO `file` (`id`, `courseId`, `userId`, `title`, `description`, `size`, `time`, `type`, `filename`) VALUES
(1, 4, 5, 'PDF 1', 'Jakis opis', 123, '2018-11-02 00:00:00', 'PDF', 'plik.pdf'),
(2, 5, 6, 'Podstawy teleinfy wykłady', 'Jakis opis tam', 44353, '2018-11-04 00:00:00', 'PDF', 'plik.pdf'),
(4, 4, 6, 'Plik jakiś', 'Opis', 342, '2018-11-06 00:00:00', 'PDF', 'PT.pdf'),
(5, 9, 7, 'Drugi plik', 'Opis', 342, '2018-11-06 00:00:00', 'PDF', 'plik.pdf');

INSERT INTO `priviledge` (`id`, `userId`, `fileId`, `clearanceLevel`) VALUES
(1, 6, 1, 0),
(2, 7, 4, 0),
(3, 6, 4, 0),
(5, 5, 2, 0),
(6, 7, 5, 0),
(7, 2, 2, 1),
(9, 3, 4, 1),
(10, 2, 1, 1),
(11, 2, 4, 1);

INSERT INTO `user` (`id`, `transcriptId`, `password`, `lastActivity`) VALUES
(1, 1, '$2y$12$padDy436UIu4dY/tCW/38.f/.qzzrdUxyGy5DcF.Ti8.V4zU38qTy', '2018-12-04 19:43:56'),
(2, 122, '$2y$12$padDy436UIu4dY/tCW/38.f/.qzzrdUxyGy5DcF.Ti8.V4zU38qTy', '2018-11-25 21:23:44'),
(3, 120, '$2y$12$padDy436UIu4dY/tCW/38.f/.qzzrdUxyGy5DcF.Ti8.V4zU38qTy', '2018-11-25 21:23:44'),
(4, 55555, '$2y$12$padDy436UIu4dY/tCW/38.f/.qzzrdUxyGy5DcF.Ti8.V4zU38qTy', '2018-11-25 21:23:44'),
(5, 44444, '$2y$12$padDy436UIu4dY/tCW/38.f/.qzzrdUxyGy5DcF.Ti8.V4zU38qTy', '2018-11-25 21:23:44'),
(6, 12345, '$2y$12$padDy436UIu4dY/tCW/38.f/.qzzrdUxyGy5DcF.Ti8.V4zU38qTy', '2018-12-03 12:35:41'),
(7, 12344, '$2y$12$padDy436UIu4dY/tCW/38.f/.qzzrdUxyGy5DcF.Ti8.V4zU38qTy', '2018-11-27 19:02:39');
COMMIT;